epoch,train_loss,train_accuracy,train_macro_f1,val_loss,val_accuracy,val_macro_f1
1,0.6832607200604548,0.8295908139759799,0.6556960383818055,0.9212690978585798,0.7695959944751382,0.5838388046632895
2,0.6156432536479642,0.8549473351034834,0.6872146368950556,0.9819224467381252,0.8189744475138122,0.550133388461986
3,0.5949037060768742,0.8626492465139179,0.7063159003935627,1.108596719240031,0.746460635359116,0.5021088635709927
4,0.576194197604147,0.8664826179465086,0.7146103471273777,1.0133090281770136,0.8295925414364641,0.5752970323768637
5,0.563337658067953,0.8726019448205525,0.7272591344508486,0.8397597754486226,0.8429730662983426,0.67455415763414
6,0.5626301702167916,0.8742372821748229,0.7296998035858382,0.8438624925396773,0.8364986187845304,0.6214976058917311
7,0.5452659112780412,0.8776837996096292,0.7386288273175841,1.045091009259851,0.8163846685082873,0.5973052858328358
8,0.5445105559277088,0.8806379574108917,0.744793679110059,0.9146236047081687,0.7945441988950276,0.6505270617417188
9,0.5323993769203825,0.8826249802176933,0.7514763944774795,0.8325037393301682,0.837189226519337,0.6710422435879905
